{"cameraMode":{"drawMode":0,"name":"Shaded","section":"Shading Mode"},"sceneLighting":true,"audioPlay":false,"sceneViewState":{"showFog":true,"showMaterialUpdate":true,"showSkybox":true,"showFlares":true,"showImageEffects":true,"showParticleSystems":true},"in2DMode":false,"pivot":{"x":2.0941905975341799,"y":3.77557110786438,"z":4.973877429962158},"rotation":{"x":0.19785448908805848,"y":-0.7181475162506104,"z":0.22640769183635713,"w":0.6275805234909058},"size":1.8452343940734864,"orthographic":false}