{"cameraMode":{"drawMode":0,"name":"Shaded","section":"Shading Mode"},"sceneLighting":false,"audioPlay":false,"sceneViewState":{"showFog":true,"showMaterialUpdate":false,"showSkybox":true,"showFlares":true,"showImageEffects":true,"showParticleSystems":true},"in2DMode":false,"pivot":{"x":20.839412689208986,"y":23.106687545776368,"z":6.010921478271484},"rotation":{"x":-0.10720790177583695,"y":0.2072545886039734,"z":-0.02270849235355854,"w":-0.9721298217773438},"size":136.7151336669922,"orthographic":false}