{"cameraMode":{"drawMode":0,"name":"Shaded","section":"Shading Mode"},"sceneLighting":true,"audioPlay":false,"sceneViewState":{"showFog":true,"showMaterialUpdate":false,"showSkybox":true,"showFlares":true,"showImageEffects":true,"showParticleSystems":true},"in2DMode":false,"pivot":{"x":63.480003356933597,"y":5.44521427154541,"z":34.939998626708987},"rotation":{"x":-0.1151910349726677,"y":-0.34676238894462588,"z":0.043112438172101977,"w":-0.9298539161682129},"size":18.016359329223634,"orthographic":false}