{"cameraMode":{"drawMode":0,"name":"Shaded","section":"Shading Mode"},"sceneLighting":true,"audioPlay":false,"sceneViewState":{"showFog":true,"showMaterialUpdate":false,"showSkybox":true,"showFlares":true,"showImageEffects":true,"showParticleSystems":true},"in2DMode":false,"pivot":{"x":73.49180603027344,"y":1.1669135093688965,"z":53.04783630371094},"rotation":{"x":-0.10720790177583695,"y":0.2072545886039734,"z":-0.02270849235355854,"w":-0.9721298217773438},"size":19.648208618164064,"orthographic":false}